{"cameraMode":{"drawMode":0,"name":"Shaded","section":"Shading Mode"},"sceneLighting":true,"audioPlay":false,"sceneViewState":{"showFog":true,"showMaterialUpdate":false,"showSkybox":true,"showFlares":true,"showImageEffects":true,"showParticleSystems":true},"in2DMode":false,"pivot":{"x":1017.20458984375,"y":533.3191528320313,"z":70.54069519042969},"rotation":{"x":-0.02849566377699375,"y":-0.0029992389027029278,"z":-0.00008469577733194456,"w":0.9995894432067871},"size":405.0799865722656,"orthographic":false}