{"cameraMode":{"drawMode":0,"name":"Shaded","section":"Shading Mode"},"sceneLighting":true,"audioPlay":false,"sceneViewState":{"showFog":true,"showMaterialUpdate":false,"showSkybox":true,"showFlares":true,"showImageEffects":true,"showParticleSystems":true},"in2DMode":false,"pivot":{"x":0.4430212378501892,"y":-0.7368537783622742,"z":0.5887002348899841},"rotation":{"x":0.36246299743652346,"y":-0.620509922504425,"z":0.3911939263343811,"w":0.5749394297599793},"size":17.062795639038087,"orthographic":false}