{"cameraMode":{"drawMode":0,"name":"Shaded","section":"Shading Mode"},"sceneLighting":true,"audioPlay":false,"sceneViewState":{"showFog":true,"showMaterialUpdate":false,"showSkybox":true,"showFlares":true,"showImageEffects":true,"showParticleSystems":true},"in2DMode":false,"pivot":{"x":0.0,"y":1.850000023841858,"z":-7.360000133514404},"rotation":{"x":0.2569994032382965,"y":0.058231692761182788,"z":-0.01551588624715805,"w":0.9645307660102844},"size":13.25744342803955,"orthographic":true}