{"cameraMode":{"drawMode":0,"name":"Shaded","section":"Shading Mode"},"sceneLighting":true,"audioPlay":false,"sceneViewState":{"showFog":true,"showMaterialUpdate":false,"showSkybox":true,"showFlares":true,"showImageEffects":true,"showParticleSystems":true},"in2DMode":false,"pivot":{"x":-3.7903149127960207,"y":0.3586251735687256,"z":4.595902919769287},"rotation":{"x":0.15550734102725984,"y":-0.32269346714019778,"z":0.05383739247918129,"w":0.9320879578590393},"size":0.5703452825546265,"orthographic":false}