{"cameraMode":{"drawMode":0,"name":"Shaded","section":"Shading Mode"},"sceneLighting":true,"audioPlay":false,"sceneViewState":{"showFog":true,"showMaterialUpdate":false,"showSkybox":true,"showFlares":true,"showImageEffects":true,"showParticleSystems":true},"in2DMode":false,"pivot":{"x":3.0032851696014406,"y":0.605487048625946,"z":3.857682466506958},"rotation":{"x":0.48948532342910769,"y":-0.001308100763708353,"z":0.0007342217722907662,"w":0.8720102906227112},"size":1.904210090637207,"orthographic":true}