{"cameraMode":{"drawMode":0,"name":"Shaded","section":"Shading Mode"},"sceneLighting":true,"audioPlay":false,"sceneViewState":{"showFog":true,"showMaterialUpdate":false,"showSkybox":true,"showFlares":true,"showImageEffects":true,"showParticleSystems":true},"in2DMode":false,"pivot":{"x":2.932863235473633,"y":-0.6615552306175232,"z":7.093058109283447},"rotation":{"x":0.1822427213191986,"y":-0.022406164556741716,"z":0.004154006950557232,"w":0.982989490032196},"size":5.970345973968506,"orthographic":false}